class,precision,recall,f1-score,support,accuracy
credit_card,0.6764705882352942,0.736,0.7049808429118775,125,
credit_reporting,0.6127659574468085,0.8622754491017964,0.7164179104477612,167,
debt_collection,0.8715596330275229,0.5337078651685393,0.662020905923345,178,
mortgages_and_loans,0.8137931034482758,0.8939393939393939,0.8519855595667869,132,
retail_banking,0.8607594936708861,0.6666666666666666,0.7513812154696132,102,
,,,,,0.734375
macro avg,0.7670697551657575,0.7385178749752792,0.7373572868638767,704,
weighted avg,0.7631342487379696,0.734375,0.7311180333861259,704,
