class,precision,recall,f1-score,support,accuracy
credit_card,0.7315436241610739,0.872,0.7956204379562044,125,
credit_reporting,0.7647058823529411,0.8562874251497006,0.807909604519774,167,
debt_collection,0.8598726114649682,0.7584269662921348,0.8059701492537312,178,
mortgages_and_loans,0.8666666666666667,0.7878787878787878,0.8253968253968254,132,
retail_banking,0.8681318681318682,0.7745098039215687,0.8186528497409328,102,
,,,,,0.8096590909090909
macro avg,0.8181841305555035,0.8098205966484384,0.8107099733734936,704,
weighted avg,0.816982401652401,0.8096590909090909,0.8100726092222275,704,
